{
  "type": "minecraft:flat_cache",
  "argument": {
    "type": "minecraft:cache_2d",
    "argument": {
      "type": "minecraft:add",
      "argument1": 0,
      "argument2": {
        "type": "minecraft:mul",
        "argument1": {
          "type": "minecraft:blend_alpha"
        },
        "argument2": {
          "type": "minecraft:add",
          "argument1": 0,
          "argument2": {
            "type": "minecraft:spline",
            "spline": {
              "coordinate": "minecraft:overworld/continents",
              "points": [
                {
                  "derivative": 0,
                  "location": -0.11,
                  "value": 0
                },
                {
                  "derivative": 0,
                  "location": 0.03,
                  "value": {
                    "coordinate": "minecraft:overworld/erosion",
                    "points": [
                      {
                        "derivative": 0,
                        "location": -1,
                        "value": {
                          "coordinate": "minecraft:overworld/ridges_folded",
                          "points": [
                            {
                              "derivative": 0,
                              "location": 0.19999999,
                              "value": 0
                            },
                            {
                              "derivative": 0,
                              "location": 0.44999996,
                              "value": 0
                            },
                            {
                              "derivative": 0,
                              "location": 1,
                              "value": {
                                "coordinate": "minecraft:overworld/ridges",
                                "points": [
                                  {
                                    "derivative": 0,
                                    "location": -0.01,
                                    "value": 1.26
                                  },
                                  {
                                    "derivative": 0,
                                    "location": 0.01,
                                    "value": 0.6
                                  }
                                ]
                              }
                            }
                          ]
                        }
                      },
                      {
                        "derivative": 0,
                        "location": -0.78,
                        "value": {
                          "coordinate": "minecraft:overworld/ridges_folded",
                          "points": [
                            {
                              "derivative": 0,
                              "location": 0.19999999,
                              "value": 0
                            },
                            {
                              "derivative": 0,
                              "location": 0.44999996,
                              "value": 0
                            },
                            {
                              "derivative": 0,
                              "location": 1,
                              "value": {
                                "coordinate": "minecraft:overworld/ridges",
                                "points": [
                                  {
                                    "derivative": 0,
                                    "location": -0.01,
                                    "value": 0.63
                                  },
                                  {
                                    "derivative": 0,
                                    "location": 0.01,
                                    "value": 0.3
                                  }
                                ]
                              }
                            }
                          ]
                        }
                      },
                      {
                        "derivative": 0,
                        "location": -0.5775,
                        "value": {
                          "coordinate": "minecraft:overworld/ridges_folded",
                          "points": [
                            {
                              "derivative": 0,
                              "location": 0.19999999,
                              "value": 0
                            },
                            {
                              "derivative": 0,
                              "location": 0.44999996,
                              "value": 0
                            },
                            {
                              "derivative": 0,
                              "location": 1,
                              "value": {
                                "coordinate": "minecraft:overworld/ridges",
                                "points": [
                                  {
                                    "derivative": 0,
                                    "location": -0.01,
                                    "value": 0.63
                                  },
                                  {
                                    "derivative": 0,
                                    "location": 0.01,
                                    "value": 0.3
                                  }
                                ]
                              }
                            }
                          ]
                        }
                      },
                      {
                        "derivative": 0,
                        "location": -0.375,
                        "value": 0
                      }
                    ]
                  }
                },
                {
                  "derivative": 0,
                  "location": 0.65,
                  "value": {
                    "coordinate": "minecraft:overworld/erosion",
                    "points": [
                      {
                        "derivative": 0,
                        "location": -1,
                        "value": {
                          "coordinate": "minecraft:overworld/ridges_folded",
                          "points": [
                            {
                              "derivative": 0,
                              "location": 0.19999999,
                              "value": 0
                            },
                            {
                              "derivative": 0,
                              "location": 0.44999996,
                              "value": {
                                "coordinate": "minecraft:overworld/ridges",
                                "points": [
                                  {
                                    "derivative": 0,
                                    "location": -0.01,
                                    "value": 1.26
                                  },
                                  {
                                    "derivative": 0,
                                    "location": 0.01,
                                    "value": 0.6
                                  }
                                ]
                              }
                            },
                            {
                              "derivative": 0,
                              "location": 1,
                              "value": {
                                "coordinate": "minecraft:overworld/ridges",
                                "points": [
                                  {
                                    "derivative": 0,
                                    "location": -0.01,
                                    "value": 1.26
                                  },
                                  {
                                    "derivative": 0,
                                    "location": 0.01,
                                    "value": 0.6
                                  }
                                ]
                              }
                            }
                          ]
                        }
                      },
                      {
                        "derivative": 0,
                        "location": -0.78,
                        "value": {
                          "coordinate": "minecraft:overworld/ridges_folded",
                          "points": [
                            {
                              "derivative": 0,
                              "location": 0.19999999,
                              "value": 0
                            },
                            {
                              "derivative": 0,
                              "location": 0.44999996,
                              "value": 0
                            },
                            {
                              "derivative": 0,
                              "location": 1,
                              "value": {
                                "coordinate": "minecraft:overworld/ridges",
                                "points": [
                                  {
                                    "derivative": 0,
                                    "location": -0.01,
                                    "value": 1.26
                                  },
                                  {
                                    "derivative": 0,
                                    "location": 0.01,
                                    "value": 0.6
                                  }
                                ]
                              }
                            }
                          ]
                        }
                      },
                      {
                        "derivative": 0,
                        "location": -0.5775,
                        "value": {
                          "coordinate": "minecraft:overworld/ridges_folded",
                          "points": [
                            {
                              "derivative": 0,
                              "location": 0.19999999,
                              "value": 0
                            },
                            {
                              "derivative": 0,
                              "location": 0.44999996,
                              "value": 0
                            },
                            {
                              "derivative": 0,
                              "location": 1,
                              "value": {
                                "coordinate": "minecraft:overworld/ridges",
                                "points": [
                                  {
                                    "derivative": 0,
                                    "location": -0.01,
                                    "value": 1.26
                                  },
                                  {
                                    "derivative": 0,
                                    "location": 0.01,
                                    "value": 0.6
                                  }
                                ]
                              }
                            }
                          ]
                        }
                      },
                      {
                        "derivative": 0,
                        "location": -0.375,
                        "value": 0
                      }
                    ]
                  }
                }
              ]
            }
          }
        }
      }
    }
  }
}
