{
  "type": "minecraft:cache_once",
  "argument": {
    "type": "minecraft:mul",
    "argument1": {
      "type": "minecraft:add",
      "argument1": -0.05,
      "argument2": {
        "type": "minecraft:mul",
        "argument1": -0.05,
        "argument2": {
          "type": "minecraft:noise",
          "noise": "minecraft:spaghetti_roughness_modulator",
          "xz_scale": 1,
          "y_scale": 1
        }
      }
    },
    "argument2": {
      "type": "minecraft:add",
      "argument1": -0.4,
      "argument2": {
        "type": "minecraft:abs",
        "argument": {
          "type": "minecraft:noise",
          "noise": "minecraft:spaghetti_roughness",
          "xz_scale": 1,
          "y_scale": 1
        }
      }
    }
  }
}
